order_id,basket
536365,"WHITE HANGING HEART T-LIGHT HOLDER,WHITE METAL LANTERN,CREAM CUPID HEARTS COAT HANGER,KNITTED UNION FLAG HOT WATER BOTTLE,RED WOOLLY HOTTIE WHITE HEART.,SET 7 BABUSHKA NESTING BOXES,GLASS STAR FROSTED T-LIGHT HOLDER"
536366,"HAND WARMER UNION JACK,HAND WARMER RED POLKA DOT"
536367,"ASSORTED COLOUR BIRD ORNAMENT,POPPY'S PLAYHOUSE BEDROOM ,POPPY'S PLAYHOUSE KITCHEN,FELTCRAFT PRINCESS CHARLOTTE DOLL,IVORY KNITTED MUG COSY ,BOX OF 6 ASSORTED COLOUR TEASPOONS,BOX OF VINTAGE JIGSAW BLOCKS ,BOX OF VINTAGE ALPHABET BLOCKS,HOME BUILDING BLOCK WORD,LOVE BUILDING BLOCK WORD,RECIPE BOX WITH METAL HEART,DOORMAT NEW ENGLAND"
536368,"JAM MAKING SET WITH JARS,RED COAT RACK PARIS FASHION,YELLOW COAT RACK PARIS FASHION,BLUE COAT RACK PARIS FASHION"
536369,"BATH BUILDING BLOCK WORD"
536370,"ALARM CLOCK BAKELIKE PINK,ALARM CLOCK BAKELIKE RED ,ALARM CLOCK BAKELIKE GREEN,PANDA AND BUNNIES STICKER SHEET,STARS GIFT TAPE ,INFLATABLE POLITICAL GLOBE ,VINTAGE HEADS AND TAILS CARD GAME ,SET/2 RED RETROSPOT TEA TOWELS ,ROUND SNACK BOXES SET OF4 WOODLAND ,SPACEBOY LUNCH BOX ,LUNCH BOX I LOVE LONDON,CIRCUS PARADE LUNCH BOX ,CHARLOTTE BAG DOLLY GIRL DESIGN,RED TOADSTOOL LED NIGHT LIGHT, SET 2 TEA TOWELS I LOVE LONDON ,VINTAGE SEASIDE JIGSAW PUZZLES,MINI JIGSAW CIRCUS PARADE ,MINI JIGSAW SPACEBOY,MINI PAINT SET VINTAGE "
536371,"PAPER CHAIN KIT 50'S CHRISTMAS "
536372,"HAND WARMER RED POLKA DOT,HAND WARMER UNION JACK"
536373,"WHITE HANGING HEART T-LIGHT HOLDER,WHITE METAL LANTERN,CREAM CUPID HEARTS COAT HANGER,EDWARDIAN PARASOL RED,RETRO COFFEE MUGS ASSORTED,SAVE THE PLANET MUG,VINTAGE BILLBOARD DRINK ME MUG,VINTAGE BILLBOARD LOVE/HATE MUG,WOOD 2 DRAWER CABINET WHITE FINISH,WOOD S/3 CABINET ANT WHITE FINISH,WOODEN PICTURE FRAME WHITE FINISH,WOODEN FRAME ANTIQUE WHITE ,KNITTED UNION FLAG HOT WATER BOTTLE,RED WOOLLY HOTTIE WHITE HEART.,SET 7 BABUSHKA NESTING BOXES,GLASS STAR FROSTED T-LIGHT HOLDER"
536374,"VICTORIAN SEWING BOX LARGE"
536375,"WHITE HANGING HEART T-LIGHT HOLDER,WHITE METAL LANTERN,CREAM CUPID HEARTS COAT HANGER,EDWARDIAN PARASOL RED,RETRO COFFEE MUGS ASSORTED,SAVE THE PLANET MUG,VINTAGE BILLBOARD DRINK ME MUG,VINTAGE BILLBOARD LOVE/HATE MUG,WOOD 2 DRAWER CABINET WHITE FINISH,WOOD S/3 CABINET ANT WHITE FINISH,WOODEN PICTURE FRAME WHITE FINISH,WOODEN FRAME ANTIQUE WHITE ,KNITTED UNION FLAG HOT WATER BOTTLE,RED WOOLLY HOTTIE WHITE HEART.,SET 7 BABUSHKA NESTING BOXES,GLASS STAR FROSTED T-LIGHT HOLDER"
536376,"HOT WATER BOTTLE TEA AND SYMPATHY,RED HANGING HEART T-LIGHT HOLDER"
536377,"HAND WARMER RED POLKA DOT,HAND WARMER UNION JACK"
536378,"JUMBO BAG PINK POLKADOT,JUMBO  BAG BAROQUE BLACK WHITE,JUMBO BAG CHARLIE AND LOLA TOYS,STRAWBERRY CHARLOTTE BAG,RED 3 PIECE RETROSPOT CUTLERY SET,BLUE 3 PIECE POLKADOT CUTLERY SET,SET/6 RED SPOTTY PAPER PLATES,LUNCH BAG RED RETROSPOT,STRAWBERRY LUNCH BOX WITH CUTLERY,LUNCH BOX WITH CUTLERY RETROSPOT ,PACK OF 72 RETROSPOT CAKE CASES,PACK OF 60 DINOSAUR CAKE CASES,PACK OF 60 PINK PAISLEY CAKE CASES,60 TEATIME FAIRY CAKE CASES,TOMATO CHARLIE+LOLA COASTER SET,CHARLIE & LOLA WASTEPAPER BIN FLORA,RED CHARLIE+LOLA PERSONAL DOORSIGN,JUMBO STORAGE BAG SUKI,JUMBO BAG PINK VINTAGE PAISLEY"
536380,"JAM MAKING SET PRINTED"
536381,"RETROSPOT TEA SET CERAMIC 11 PC ,GIRLY PINK TOOL SET,JUMBO SHOPPER VINTAGE RED PAISLEY,AIRLINE LOUNGE,METAL SIGN,WHITE SPOT RED CERAMIC DRAWER KNOB,RED DRAWER KNOB ACRYLIC EDWARDIAN,CLEAR DRAWER KNOB ACRYLIC EDWARDIAN,PHOTO CLIP LINE,FELT EGG COSY CHICKEN,PIGGY BANK RETROSPOT ,SKULL SHOULDER BAG,YOU'RE CONFUSING ME METAL SIGN ,COOK WITH WINE METAL SIGN ,GIN + TONIC DIET METAL SIGN,YELLOW BREAKFAST CUP AND SAUCER,PINK BREAKFAST CUP AND SAUCER ,PAPER CHAIN KIT 50'S CHRISTMAS ,PAPER CHAIN KIT RETROSPOT,SMALL HEART FLOWERS HOOK ,PHOTO CLIP LINE,TEA TIME DES TEA COSY,FELT EGG COSY WHITE RABBIT ,ZINC WILLIE WINKIE  CANDLE STICK,CERAMIC CHERRY CAKE MONEY BANK,RETROSPOT LARGE MILK JUG,SET OF 6 FUNKY BEAKERS,EDWARDIAN PARASOL BLACK,EDWARDIAN PARASOL NATURAL,CERAMIC STRAWBERRY CAKE MONEY BANK,BLUE OWL SOFT TOY,BALLOON ART MAKE YOUR OWN FLOWERS,RED TOADSTOOL LED NIGHT LIGHT,GLASS CLOCHE SMALL,GUMBALL MONOCHROME COAT RACK,DOORMAT FANCY FONT HOME SWEET HOME"
536382,"INFLATABLE POLITICAL GLOBE ,VINTAGE SNAKES & LADDERS,CHOCOLATE CALCULATOR,JUMBO SHOPPER VINTAGE RED PAISLEY,RECYCLING BAG RETROSPOT ,TOY TIDY PINK POLKADOT,ANTIQUE GLASS DRESSING TABLE POT,ALARM CLOCK BAKELIKE GREEN,IVORY GIANT GARDEN THERMOMETER,3 TIER CAKE TIN GREEN AND CREAM,3 TIER CAKE TIN RED AND CREAM,SET 3 WICKER OVAL BASKETS W LIDS"
536384,"WOOD BLACK BOARD ANT WHITE FINISH,COLOUR GLASS T-LIGHT HOLDER HANGING,HANGING METAL HEART LANTERN,HANGING MEDINA LANTERN SMALL,NATURAL SLATE HEART CHALKBOARD ,HEART OF WICKER SMALL,HEART OF WICKER LARGE,WHITE LOVEBIRD LANTERN,CLASSIC METAL BIRDCAGE PLANT HOLDER,CREAM HEART CARD HOLDER,ENAMEL FLOWER JUG CREAM,ENAMEL FIRE BUCKET CREAM,ENAMEL BREAD BIN CREAM"
536385,"SET 3 WICKER OVAL BASKETS W LIDS,JAM MAKING SET PRINTED,JAM MAKING SET WITH JARS,JUMBO BAG DOLLY GIRL DESIGN,TRADITIONAL CHRISTMAS RIBBONS,ORGANISER WOOD ANTIQUE WHITE ,LUNCH BAG DOLLY GIRL DESIGN"
536386,"WHITE WIRE EGG HOLDER,JUMBO  BAG BAROQUE BLACK WHITE,JUMBO BAG RED RETROSPOT"
536387,"CHILLI LIGHTS,LIGHT GARLAND BUTTERFILES PINK,WOODEN OWLS LIGHT GARLAND ,FAIRY TALE COTTAGE NIGHTLIGHT,RED TOADSTOOL LED NIGHT LIGHT"
536388,"HOME BUILDING BLOCK WORD,LOVE BUILDING BLOCK WORD,DOORMAT FANCY FONT HOME SWEET HOME,HOME SMALL WOOD LETTERS,GINGHAM HEART  DOORSTOP RED,FIVE HEART HANGING DECORATION,HANGING METAL HEART LANTERN,ASSORTED BOTTLE TOP  MAGNETS ,FRIDGE MAGNETS US DINER ASSORTED,HOMEMADE JAM SCENTED CANDLES,FRIDGE MAGNETS LES ENFANTS ASSORTED,ROSE CARAVAN DOORSTOP,HEART OF WICKER SMALL,5 HOOK HANGER MAGIC TOADSTOOL"
536389,"CHRISTMAS LIGHTS 10 REINDEER,VINTAGE UNION JACK CUSHION COVER,VINTAGE HEADS AND TAILS CARD GAME ,SET OF 3 COLOURED  FLYING DUCKS,SET OF 3 GOLD FLYING DUCKS,RED RETROSPOT UMBRELLA,BLACK/BLUE POLKADOT UMBRELLA,RED DINER WALL CLOCK,ALARM CLOCK BAKELIKE GREEN,ALARM CLOCK BAKELIKE RED ,BLUE DINER WALL CLOCK,IVORY DINER WALL CLOCK,LARGE HEART MEASURING SPOONS,SMALL HEART MEASURING SPOONS"
536390,"CHRISTMAS LIGHTS 10 REINDEER,JAM MAKING SET WITH JARS,JAM MAKING SET PRINTED,JAM JAR WITH PINK LID,JAM JAR WITH GREEN LID,ROSE COTTAGE KEEPSAKE BOX ,HANGING HEART ZINC T-LIGHT HOLDER,PAPER CHAIN KIT VINTAGE CHRISTMAS,DISCO BALL CHRISTMAS DECORATION,WHITE HANGING HEART T-LIGHT HOLDER,SMALL POPCORN HOLDER,LARGE POPCORN HOLDER ,RETROSPOT LARGE MILK JUG,SET/20 RED RETROSPOT PAPER NAPKINS ,SET/6 RED SPOTTY PAPER PLATES,SET/6 RED SPOTTY PAPER CUPS,POLKADOT RAIN HAT ,DELUXE SEWING KIT ,RETROSPOT HEART HOT WATER BOTTLE,KNITTED UNION FLAG HOT WATER BOTTLE,ENGLISH ROSE HOT WATER BOTTLE,PHOTO CUBE,HOMEMADE JAM SCENTED CANDLES,JUMBO BAG RED RETROSPOT"
536392,"3 STRIPEY MICE FELTCRAFT,SET OF 6 SOLDIER SKITTLES,TRADITIONAL WOODEN SKIPPING ROPE,WOODEN BOX OF DOMINOES,RUSTIC  SEVENTEEN DRAWER SIDEBOARD,PARTY CONES CARNIVAL ASSORTED,PARTY CONES CANDY ASSORTED,PICNIC BASKET WICKER SMALL,ASSORTED COLOUR BIRD ORNAMENT,STAR DECORATION PAINTED ZINC "
536393,"RETROSPOT LAMP"
536394,"FANCY FONT BIRTHDAY CARD, ,HAND WARMER UNION JACK,HAND WARMER SCOTTY DOG DESIGN,HAND WARMER OWL DESIGN,HAND WARMER RED RETROSPOT,RETROSPOT HEART HOT WATER BOTTLE,DOG BOWL CHASING BALL DESIGN,CLOTHES PEGS RETROSPOT PACK 24 ,HAND OVER THE CHOCOLATE   SIGN ,WHITE HANGING HEART T-LIGHT HOLDER,TRAVEL SEWING KIT"
536395,"BLACK HEART CARD HOLDER,ASSORTED COLOUR BIRD ORNAMENT,PACK OF 60 PINK PAISLEY CAKE CASES,60 TEATIME FAIRY CAKE CASES,PACK OF 72 RETROSPOT CAKE CASES,CHICK GREY HOT WATER BOTTLE,SMALL GLASS HEART TRINKET POT,ALARM CLOCK BAKELIKE IVORY,ALARM CLOCK BAKELIKE RED ,ALARM CLOCK BAKELIKE ORANGE,ALARM CLOCK BAKELIKE GREEN,HOT WATER BOTTLE TEA AND SYMPATHY,HAND WARMER BIRD DESIGN,HAND WARMER SCOTTY DOG DESIGN"
536396,"WHITE HANGING HEART T-LIGHT HOLDER,WHITE METAL LANTERN,CREAM CUPID HEARTS COAT HANGER,EDWARDIAN PARASOL BLACK,EDWARDIAN PARASOL RED,RETRO COFFEE MUGS ASSORTED,SAVE THE PLANET MUG,VINTAGE BILLBOARD DRINK ME MUG,VINTAGE BILLBOARD LOVE/HATE MUG,WOOD 2 DRAWER CABINET WHITE FINISH,WOOD S/3 CABINET ANT WHITE FINISH,WOODEN PICTURE FRAME WHITE FINISH,WOODEN FRAME ANTIQUE WHITE ,KNITTED UNION FLAG HOT WATER BOTTLE,RED WOOLLY HOTTIE WHITE HEART.,SET 7 BABUSHKA NESTING BOXES,IVORY EMBROIDERED QUILT ,GLASS STAR FROSTED T-LIGHT HOLDER"
536397,"SET OF 3 BLACK FLYING DUCKS,SET OF 3 COLOURED  FLYING DUCKS"
536398,"PACK OF 12 RED RETROSPOT TISSUES ,RED RETROSPOT MUG,BABUSHKA LIGHTS STRING OF 10,PIGGY BANK RETROSPOT ,SET 7 BABUSHKA NESTING BOXES,DOORMAT FAIRY CAKE,HAND WARMER RED RETROSPOT,HAND WARMER SCOTTY DOG DESIGN,HAND WARMER OWL DESIGN,STRAWBERRY CERAMIC TRINKET BOX,PINK DOUGHNUT TRINKET POT ,SILK PURSE BABUSHKA PINK,HOT WATER BOTTLE TEA AND SYMPATHY,HOT WATER BOTTLE I AM SO POORLY,CHOCOLATE HOT WATER BOTTLE,WHITE SKULL HOT WATER BOTTLE ,SCOTTIE DOG HOT WATER BOTTLE"
536399,"HAND WARMER RED POLKA DOT,HAND WARMER UNION JACK"
536400,"HOMEMADE JAM SCENTED CANDLES"
536401,"BIRD HOUSE HOT WATER BOTTLE,BOUDOIR SQUARE TISSUE BOX,SKULLS SQUARE TISSUE BOX,PHOTO FRAME CORNICE,SILK PURSE BABUSHKA RED,PICTURE DOMINOES,S/6 SEW ON CROCHET FLOWERS,SCANDINAVIAN REDS RIBBONS,BALLOONS  WRITING SET ,JAM MAKING SET PRINTED,LAVENDER INCENSE IN TIN,TV DINNER TRAY VINTAGE PAISLEY,SET OF 4 ENGLISH ROSE PLACEMATS,SET OF 4 ENGLISH ROSE COASTERS,TRIPLE PHOTO FRAME CORNICE ,FAMILY PHOTO FRAME CORNICE,MIRRORED DISCO BALL ,DISCO BALL ROTATOR BATTERY OPERATED,SILVER LOOKING MIRROR,LADIES & GENTLEMEN METAL SIGN,METAL SIGN HER DINNER IS SERVED ,YOU'RE CONFUSING ME METAL SIGN ,DOORMAT TOPIARY,BATHROOM METAL SIGN,KITCHEN METAL SIGN,TOILET METAL SIGN,METAL SIGN TAKE IT OR LEAVE IT ,I'M ON HOLIDAY METAL SIGN,GROW YOUR OWN BASIL IN ENAMEL MUG,SET/10 PINK POLKADOT PARTY CANDLES,SET 20 NAPKINS FAIRY CAKES DESIGN ,60 TEATIME FAIRY CAKE CASES,SET OF 6 T-LIGHTS SNOWMEN,SET OF 6 T-LIGHTS SANTA,SET OF 9 HEART SHAPED BALLOONS,SANDWICH BATH SPONGE,APPLE BATH SPONGE,STRAWBERRY BATH SPONGE ,BLACK PIRATE TREASURE CHEST,STA"
536402,"PAPER CHAIN KIT 50'S CHRISTMAS ,PAPER CHAIN KIT VINTAGE CHRISTMAS,HOT WATER BOTTLE BABUSHKA "
536403,"HAND WARMER BIRD DESIGN"
536404,"HEART IVORY TRELLIS SMALL,CLEAR DRAWER KNOB ACRYLIC EDWARDIAN,PINK DRAWER KNOB ACRYLIC EDWARDIAN,GREEN DRAWER KNOB ACRYLIC EDWARDIAN,BLUE DRAWER KNOB ACRYLIC EDWARDIAN,HEART OF WICKER SMALL,SMALL POPCORN HOLDER,SET 6 FOOTBALL CELEBRATION CANDLES,SET OF 6 GIRLS CELEBRATION CANDLES,ROMANTIC PINKS RIBBONS ,BRIGHT BLUES RIBBONS ,SCANDINAVIAN REDS RIBBONS,CHOCOLATE BOX RIBBONS ,PARTY INVITES FOOTBALL,PARTY INVITES JAZZ HEARTS,PARTY INVITES SPACEMAN,SET OF 3 BUTTERFLY COOKIE CUTTERS,SET OF 3 HEART COOKIE CUTTERS,3 PIECE SPACEBOY COOKIE CUTTER SET,PACK OF 72 SKULL CAKE CASES,PACK OF 60 SPACEBOY CAKE CASES,PACK OF 72 RETROSPOT CAKE CASES,72 SWEETHEART FAIRY CAKE CASES,PACK OF 60 DINOSAUR CAKE CASES"
